costat,curcd,datafmt,indfmt,consol,tic,datadate,gvkey,conm,cusip,cik,exchg,fyr,at
A,USD,STD,BANK,C,SMFG,2018-03-31,10137,SUMITOMO MITSUI FINANCIAL GR,86562M209,01022837.0,11,3,1874285.583
A,USD,STD,BANK,C,HDB,2018-03-31,144535,HDFC BANK LIMITED,40415F101,01144967.0,11,3,169434.215
A,USD,STD,BANK,C,IBN,2018-03-31,223148,ICICI BANK LTD,45104G104,01103838.0,11,3,172674.097
A,USD,STD,BANK,C,MFG,2018-03-31,248136,MIZUHO FINANCIAL GROUP INC,60687Y109,01335730.0,11,3,1930586.638
A,USD,STD,BANK,C,MUFG,2018-03-31,252940,MITSUBISHI UFJ FINANCIAL GRP,606822104,00067088.0,11,3,2830228.94
A,USD,STD,BANK,C,AX,2018-06-30,162560,AXOS FINANCIAL INC,05465C100,01299709.0,11,6,9539.504
A,USD,STD,BANK,C,HTB,2018-06-30,170419,HOMETRUST BANCSHARES INC,437872104,01538263.0,11,6,3304.169
A,USD,STD,BANK,C,KRNY,2018-06-30,161853,KEARNY FINANCIAL CORP,48716P108,01617242.0,14,6,6579.874
A,USD,STD,BANK,C,TFSL,2018-09-30,176766,TFS FINANCIAL CORP,87240R107,01381668.0,14,9,14137.331
A,USD,STD,BANK,C,CFFN,2018-09-30,119414,CAPITOL FEDERAL FINL INC,14057J101,01490906.0,14,9,9449.547
A,USD,STD,BANK,C,CASH,2018-09-30,28866,PATHWARD FINANCIAL INC,59100U108,00907471.0,14,9,5835.067
A,USD,STD,BANK,C,WAFD,2018-09-30,17145,WAFD INC,938824109,00936528.0,14,9,15865.724
A,USD,STD,BANK,C,ANZGY,2018-09-30,15889,ANZ GROUP HOLDINGS LIMITED,03736N104,01947559.0,19,9,682321.069
A,USD,STD,BANK,C,WBKCY,2018-09-30,15362,WESTPAC BANKING CORP,961214707,00719245.0,19,9,636695.176
A,USD,STD,BANK,C,NABZY,2018-09-30,14802,NATIONAL AUSTRALIA BK,632525408,00833029.0,19,9,583794.562
A,USD,STD,BANK,C,NASB,2018-09-30,19124,NASB FINANCIAL INC,628968109,01059131.0,19,9,2060.361
A,USD,STD,BANK,C,PFIS,2018-12-31,66394,PEOPLES FINANCIAL SERVICES,711040105,01056943.0,14,12,2288.993
A,USD,STD,BANK,C,MPB,2018-12-31,66288,MID PENN BANCORP INC,59540G107,00879635.0,14,12,2077.981
A,USD,STD,BANK,C,HFWA,2018-12-31,66285,HERITAGE FINANCIAL CORP,42722X106,01046025.0,14,12,5316.927
A,USD,STD,BANK,C,HOPE,2018-12-31,66235,HOPE BANCORP INC,43940T109,01128361.0,14,12,15305.952
A,USD,STD,BANK,C,CAC,2018-12-31,65548,CAMDEN NATIONAL CORP,133034108,00750686.0,14,12,4297.435
A,USD,STD,BANK,C,MBWM,2018-12-31,65689,MERCANTILE BANK CORP,587376104,01042729.0,14,12,3363.907
A,USD,STD,BANK,C,COLB,2018-12-31,65228,COLUMBIA BANKING SYSTEM INC,197236102,00887343.0,14,12,26939.781
A,USD,STD,BANK,C,OZK,2018-12-31,65106,BANK OZK,06417N103,01569650.0,14,12,22388.03
A,USD,STD,BANK,C,UCB,2018-12-31,64794,UNITED COMMUNITY BANKS INC,90984P303,00857855.0,11,12,12573.192
A,USD,STD,BANK,C,SBNC,2018-12-31,64628,SOUTHERN BANCSHARES NC INC,842243107,00703904.0,19,12,2684.092
A,USD,STD,BANK,C,BSRR,2018-12-31,105538,SIERRA BANCORP/CA,82620P102,01130144.0,14,12,2522.502
A,USD,STD,BANK,C,EGBN,2018-12-31,111721,EAGLE BANCORP INC/MD,268948106,01050441.0,14,12,8389.137
A,USD,STD,BANK,C,SSB,2018-12-31,64547,SOUTH STATE BANK CORP,84472E102,00764038.0,11,12,14676.328
A,USD,STD,BANK,C,PFBC,2018-12-31,109183,PREFERRED BANK LOS ANGELES,740367404,01492165.0,14,12,4216.435
A,USD,STD,BANK,C,PGC,2018-12-31,107817,PEAPACK-GLADSTONE FINAN CORP,704699107,01050743.0,14,12,4617.858
A,USD,STD,BANK,C,BCS1,2018-12-31,105547,BARCLAYS BANK PLC,06738F003,00312070.0,0,12,1118629.0
A,USD,STD,BANK,C,WTFC,2018-12-31,63781,WINTRUST FINANCIAL CORP,97650W108,01015328.0,14,12,31244.849
A,USD,STD,BANK,C,BANR,2018-12-31,61487,BANNER CORP,06652V208,00946673.0,14,12,11871.317
A,USD,STD,BANK,C,HBT,2018-12-31,35759,HBT FINANCIAL INC,404111106,00775215.0,14,12,3249.569
A,USD,STD,BANK,C,SPFI,2018-12-31,35101,SOUTH PLAINS FINANCIAL INC,83946P107,01163668.0,14,12,2712.745
A,USD,STD,BANK,C,SICP,2018-12-31,34446,SILVERGATE CAPITAL CORP,82837P408,01312109.0,19,12,2004.318
A,USD,STD,BANK,C,AMTB,2018-12-31,33999,AMERANT BANCORP INC,023576101,01734342.0,11,12,8124.347
A,USD,STD,BANK,C,AMAL,2018-12-31,33625,AMALGAMATED FINANCIAL CORP,022671101,01823608.0,14,12,4685.489
A,USD,STD,BANK,C,OBK,2018-12-31,33459,ORIGIN BANCORP,68621T102,01516912.0,11,12,4821.576
A,USD,STD,BANK,C,CLBK,2018-12-31,33056,COLUMBIA FINANCIAL INC,197914104,02115119.0,14,12,6691.618
A,USD,STD,BANK,C,MBIN,2018-12-31,32619,MERCHANTS BANCORP,58844R108,01629019.0,14,12,3884.163
A,USD,STD,BANK,C,MCB,2018-12-31,32519,METROPOLITAN BANK HLDNG,591774104,01476034.0,11,12,2182.644
A,USD,STD,BANK,C,EBC,2018-12-31,36633,EASTERN BANKSHARES INC,27627N105,01810546.0,14,12,11378.287
A,USD,STD,BANK,C,WTBA,2018-12-31,63725,WEST BANCORPORATION INC,95123P106,01166928.0,14,12,2296.568
A,USD,STD,BANK,C,ONIT,2018-12-31,63639,ONITY GROUP INC,675746606,00873860.0,11,12,9394.216
A,USD,STD,BANK,C,BKRIY,2018-12-31,63590,BANK OF IRELAND GROUP PLC,06279J109,01715773.0,19,12,141588.34
A,USD,STD,BANK,C,OCFC,2018-12-31,63232,OCEANFIRST FINANCIAL CORP,675234108,01004702.0,14,12,7516.154
A,USD,STD,BANK,C,DCOM,2018-12-31,63135,DIME COMMERCIAL BANCSHRS INC,25432X102,00846617.0,11,12,6320.578
A,USD,STD,BANK,C,SBSI,2018-12-31,62979,SOUTHSIDE BANCSHARES INC,84470P109,00705432.0,11,12,6123.494
A,USD,STD,BANK,C,BAP,2018-12-31,61452,CREDICORP LTD,G2519Y108,01001290.0,11,12,52475.309
A,USD,STD,BANK,C,CIB,2018-12-31,61067,GRUPO CIBEST SA,40090E106,02058897.0,11,12,67777.385
A,USD,STD,BANK,C,FRST,2018-12-31,175607,PRIMIS FINANCIAL CORP,74167B109,01325670.0,14,12,2701.295
A,USD,STD,BANK,C,CUBI,2018-12-31,170396,CUSTOMERS BANCORP INC,23204G100,01488813.0,11,12,9833.425
A,USD,STD,BANK,C,HOMB,2018-12-31,164633,HOME BANCSHARES INC,436893200,01331520.0,11,12,15302.438
A,USD,STD,BANK,C,WAL,2018-12-31,163920,WESTERN ALLIANCE BANCORP,957638109,01212545.0,11,12,23109.486
A,USD,STD,BANK,C,INBK,2018-12-31,162293,FIRST INTERNET BANCORP,320557101,01562463.0,14,12,3541.692
A,USD,STD,BANK,C,CARE,2018-12-31,176828,CARTER BANKSHARES INC,146103106,01829576.0,14,12,4039.599
A,USD,STD,BANK,C,IFS,2018-12-31,285333,INTERCORP FINANCIAL SVCS INC,P5626F128,01615903.0,11,12,18870.287
A,USD,STD,BANK,C,BSBR,2018-12-31,285313,BANCO SANTANDER BRASIL  -ADR,05967A107,01471055.0,11,12,186981.346
A,USD,STD,BANK,C,NTB,2018-12-31,260751,BANK OF NT BUTTERFIELD & SON,G0772R208,01653242.0,11,12,10773.178
A,USD,STD,BANK,C,ITCLY,2018-12-31,258664,BANCO ITAU CHILE,45033E105,01276671.0,19,12,42256.983
A,USD,STD,BANK,C,WF,2018-12-31,252819,WOORI FINANCIAL GROUP INC,981064108,01264136.0,11,12,305810.087
A,USD,STD,BANK,C,AVAL,2018-12-31,241388,GRUPO AVAL ACCIONES VALORES,40053W101,01504764.0,11,12,79959.173
A,USD,STD,BANK,C,BCH,2018-12-31,241366,BANCO DE CHILE,059520106,01161125.0,11,12,51327.234
A,USD,STD,BANK,C,BMA,2018-12-31,211732,BANCO MACRO SA,05961W105,01347426.0,11,12,9328.766
A,USD,STD,BANK,C,NBHC,2018-12-31,190963,NATIONAL BANK HLDGS CORP,633707104,01475841.0,11,12,5676.666
A,USD,STD,BANK,C,MSBI,2018-12-31,187236,MIDLAND STATES BANCORP INC,597742105,01466026.0,14,12,5637.673
A,USD,STD,BANK,C,BKU,2018-12-31,185824,BANKUNITED INC,06652K103,01504008.0,11,12,32164.326
A,USD,STD,BANK,C,FIBK,2018-12-31,184167,FIRST INTERSTATE BANCSYSTEM,32055Y201,00860413.0,14,12,13300.2
A,USD,STD,BANK,C,HBCP,2018-12-31,180183,HOME BANCORP INC,43689E107,01436425.0,14,12,2153.658
A,USD,STD,BANK,C,TBBK,2018-12-31,158587,BANCORP INC,05969A105,01295401.0,14,12,4437.911
A,USD,STD,BANK,C,FISI,2018-12-31,121713,FINANCIAL INSTITUTIONS INC,317585404,00862831.0,14,12,4311.698
A,USD,STD,BANK,C,EWBC,2018-12-31,118042,EAST WEST BANCORP INC,27579R104,01069157.0,14,12,41042.356
A,USD,STD,BANK,C,EFSC,2018-12-31,117141,ENTERPRISE FINL SERVICES CP,293712105,01025835.0,14,12,5645.662
A,USD,STD,BANK,C,PB,2018-12-31,115876,PROSPERITY BANCSHARES INC,743606105,01068851.0,11,12,22693.402
A,USD,STD,BANK,C,RBCAA,2018-12-31,112721,REPUBLIC BANCORP INC/KY,760281204,00921557.0,14,12,5240.404
A,USD,STD,BANK,C,HBIA,2018-12-31,112542,HILLS BANCORPORATION,431643105,00732417.0,19,12,3042.464
A,USD,STD,BANK,C,BANC,2018-12-31,136265,BANC OF CALIFORNIA INC,05990K106,01169770.0,11,12,25731.354
A,USD,STD,BANK,C,TCBI,2018-12-31,150306,TEXAS CAPITAL BANCSHARES INC,88224Q107,01077428.0,14,12,28257.767
A,USD,STD,BANK,C,PFS,2018-12-31,150279,PROVIDENT FINANCIAL SVCS INC,74386T105,01178970.0,11,12,9725.769
A,USD,STD,BANK,C,CNND,2018-12-31,148669,CANANDAIGUA NATIONAL CORP,137143103,00759458.0,19,12,2862.493
A,USD,STD,BANK,C,WNEB,2018-12-31,146607,WESTERN NEW ENG BANCORP INC,958892101,01157647.0,14,12,2118.822
A,USD,STD,BANK,C,PNFP,2018-12-31,139025,PINNACLE FINL PARTNERS INC,72348N109,02082866.0,11,12,25031.044
A,USD,STD,BANK,C,GGAL,2018-12-31,137944,GRUPO FINANCIERO GALICIA SA,399909100,01114700.0,14,12,15131.045
A,USD,STD,BANK,C,BCBP,2018-12-31,147312,BCB BANCORP INC,055298103,01228454.0,14,12,2674.731
A,USD,STD,BANK,C,BHB,2018-12-31,31895,BAR HARBOR BANKSHARES,066849100,00743367.0,12,12,3608.487
A,USD,STD,BANK,C,FMBH,2018-12-31,29994,FIRST MID BANCSHARES INC,320866106,00700565.0,14,12,3839.734
A,USD,STD,BANK,C,BMRC,2018-12-31,31764,BANK OF MARIN BANCORP,063425102,01403475.0,14,12,2520.892
A,USD,STD,BANK,C,FFBC,2018-12-31,17195,FIRST FINL BANCORP INC/OH,320209109,00708955.0,14,12,13986.66
A,USD,STD,BANK,C,SBCF,2018-12-31,17184,SEACOAST BANKING CORP/FL,811707801,00730708.0,14,12,6747.659
A,USD,STD,BANK,C,WSBC,2018-12-31,17151,WESBANCO INC,950810101,00203596.0,14,12,12458.632
A,USD,STD,BANK,C,WBS,2018-12-31,17150,WEBSTER FINANCIAL CORP,947890109,00801337.0,11,12,27610.315
A,USD,STD,BANK,C,WSFS,2018-12-31,17132,WSFS FINANCIAL CORP,929328102,00828944.0,14,12,7248.87
A,USD,STD,BANK,C,STD2,2018-12-31,17130,SANTANDER HOLDINGS USA INC,80299Z005,00811830.0,0,12,135634.285
A,USD,STD,BANK,C,PEBO,2018-12-31,17106,PEOPLES BANCORP INC/OH,709789101,00318300.0,14,12,3991.454
A,USD,STD,BANK,C,ONB,2018-12-31,17095,OLD NATIONAL BANCORP,680033107,00707179.0,14,12,19728.435
A,USD,STD,BANK,C,OFG,2018-12-31,16981,OFG BANCORP,67103X102,01030469.0,11,12,6583.352
A,USD,STD,BANK,C,HIFS,2018-12-31,16967,HINGHAM INSTN FOR SAVINGS,433323102,02044671.0,14,12,2408.587
A,USD,STD,BANK,C,IBCP,2018-12-31,16890,INDEPENDENT BANK CORP/MI,453838609,00039311.0,14,12,3353.281
A,USD,STD,BANK,C,INDB,2018-12-31,16889,INDEPENDENT BANK CORP/MA,453836108,00776901.0,14,12,8851.592
A,USD,STD,BANK,C,FRME,2018-12-31,16845,FIRST MERCHANTS CORP,320817109,00712534.0,14,12,9884.716
A,USD,STD,BANK,C,GBCI,2018-12-31,16832,GLACIER BANCORP INC,37637Q105,00868671.0,11,12,12115.484
A,USD,STD,BANK,C,FBP,2018-12-31,16821,FIRST BANCORP P R,318672706,01057706.0,11,12,12243.561
A,USD,STD,BANK,C,CBU,2018-12-31,16790,COMMUNITY FINANCIAL SYST INC,203607106,00723188.0,11,12,10607.295
A,USD,STD,BANK,C,CHCO,2018-12-31,16781,CITY HOLDING CO,177835105,00726854.0,14,12,4899.012
A,USD,STD,BANK,C,FBNC,2018-12-31,16777,FIRST BANCORP/NC,318910106,00811589.0,14,12,5864.116
A,USD,STD,BANK,C,CPF,2018-12-31,16705,CENTRAL PACIFIC FINANCIAL CP,154760409,00701347.0,11,12,5807.026
A,USD,STD,BANK,C,TMP,2018-12-31,17240,TOMPKINS FINANCIAL CORP,890110109,01005817.0,12,12,6758.436
A,USD,STD,BANK,C,UBSI,2018-12-31,17248,UNITED BANKSHARES INC/WV,909907107,00729986.0,14,12,19250.498
A,USD,STD,BANK,C,THFF,2018-12-31,18276,FIRST FINANCIAL CORP,320218100,00714562.0,14,12,3008.718
A,USD,STD,BANK,C,FCF,2018-12-31,18241,FIRST COMMONWLTH FINL CP/PA,319829107,00712537.0,11,12,7828.255
A,USD,STD,BANK,C,FBAK,2018-12-31,18195,FIRST NATIONAL BANK ALASKA,32112J106,00838874.0,19,12,3753.466
A,USD,STD,BANK,C,FNB,2018-12-31,18049,F N B CORP/FL,302520101,00037808.0,11,12,33102.0
A,USD,STD,BANK,C,FRBKQ,2018-12-31,18040,REPUBLIC FIRST BANCORP INC,760416107,00834285.0,19,12,2753.297
A,USD,STD,BANK,C,NIC,2018-12-31,17875,NICOLET BANKSHARES INC,65406E102,01174850.0,11,12,3096.535
A,USD,STD,BANK,C,CNOB,2018-12-31,17724,CONNECTONE BANCORP INC,20786W107,00712771.0,14,12,5462.092
A,USD,STD,BANK,C,BHRB,2018-12-31,17602,BURKE HERBERT FINL SRVS CORP,12135Y108,01964333.0,14,12,3006.709
A,USD,STD,BANK,C,CCNE,2018-12-31,17534,CNB FINANCIAL CORP/PA,126128107,00736772.0,14,12,3221.521
A,USD,STD,BANK,C,TRST,2018-12-31,17245,TRUSTCO BANK CORP/NY,898349204,00357301.0,14,12,4958.913
A,USD,STD,BANK,C,AROW,2018-12-31,16668,ARROW FINANCIAL CORP,042744102,00717538.0,14,12,2988.334
A,USD,STD,BANK,C,SFBS,2018-12-31,16549,SERVISFIRST BANCSHARES INC,81768T108,01430723.0,11,12,8007.382
A,USD,STD,BANK,C,ISNPY,2018-12-31,16348,INTESA SANPAOLO SPA,46115H107,01374384.0,19,12,901859.874
A,USD,STD,BANK,C,HBC2,2018-12-31,9061,HSBC USA INC,40499Y000,00083246.0,0,12,172448.0
A,USD,STD,BANK,C,PNC,2018-12-31,8245,PNC FINANCIAL SVCS GROUP INC,693475105,00713676.0,11,12,382315.0
A,USD,STD,BANK,C,WFC,2018-12-31,8007,WELLS FARGO & CO,949746101,00072971.0,11,12,1895883.0
A,USD,STD,BANK,C,NTRS,2018-12-31,7982,NORTHERN TRUST CORP,665859104,00073124.0,14,12,132212.5
A,USD,STD,BANK,C,BAC,2018-12-31,7647,BANK OF AMERICA CORP,060505104,00070858.0,11,12,2354507.0
A,USD,STD,BANK,C,HBAN,2018-12-31,5786,HUNTINGTON BANCSHARES,446150104,00049196.0,14,12,108781.0
A,USD,STD,BANK,C,FHN,2018-12-31,4737,FIRST HORIZON CORP,320517105,00036966.0,11,12,40832.258
A,USD,STD,BANK,C,USB,2018-12-31,4723,US BANCORP,902973304,00036104.0,11,12,467374.0
A,USD,STD,BANK,C,MTB,2018-12-31,4699,M&T BANK CORP,55261F104,00036270.0,11,12,120097.403
A,USD,STD,BANK,C,FCNCA,2018-12-31,4690,FIRST CITIZENS BANCSH  -CL A,31946M103,00798941.0,14,12,35408.629
A,USD,STD,BANK,C,TRMK,2018-12-31,4685,TRUSTMARK CORP,898402102,00036146.0,14,12,13286.46
A,USD,STD,BANK,C,RF,2018-12-31,4674,REGIONS FINANCIAL CORP,7591EP100,01281761.0,11,12,125688.0
A,USD,STD,BANK,C,FITB,2018-12-31,4640,FIFTH THIRD BANCORP,316773100,00035527.0,11,12,146069.0
A,USD,STD,BANK,C,CFR,2018-12-31,3643,CULLEN/FROST BANKERS INC,229899109,00039263.0,11,12,32292.966
A,USD,STD,BANK,C,CBSH,2018-12-31,3238,COMMERCE BANCSHARES INC,200525103,00022356.0,14,12,25463.842
A,USD,STD,BANK,C,CMA,2018-12-31,3231,COMERICA INC,200340107,00028412.0,11,12,70818.0
A,USD,STD,BANK,C,JPM,2018-12-31,2968,JPMORGAN CHASE & CO,46625H100,00019617.0,11,12,2622532.0
A,USD,STD,BANK,C,0176A,2018-12-31,2620,MUFG AMERICAS HOLDINGS CORP,62299A008,01011659.0,0,12,168100.0
A,USD,STD,BANK,C,BNY,2018-12-31,2019,BANK OF NEW YORK MELLON CORP,064058100,01390777.0,11,12,362873.0
A,USD,STD,BANK,C,BOH,2018-12-31,2005,BANK OF HAWAII CORP,062540109,00046195.0,11,12,17143.974
A,USD,STD,BANK,C,BPOP,2018-12-31,2002,POPULAR INC,733174700,00763901.0,14,12,47604.577
A,USD,STD,BANK,C,KEY,2018-12-31,9783,KEYCORP,493267108,00091576.0,11,12,139613.0
A,USD,STD,BANK,C,STT,2018-12-31,10035,STATE STREET CORP,857477103,00093751.0,11,12,244626.0
A,USD,STD,BANK,C,UMBF,2018-12-31,10916,UMB FINANCIAL CORP,902788108,00101382.0,14,12,23351.119
A,USD,STD,BANK,C,ZION,2018-12-31,11687,ZIONS BANCORPORATION NA,989701107,00109380.0,14,12,68746.0
A,USD,STD,BANK,C,AGRPY,2018-12-31,16305,ABSA GROUP LTD,00400T102,01064772.0,19,12,89353.809
A,USD,STD,BANK,C,LYG,2018-12-31,15929,LLOYDS BANKING GROUP PLC,539439109,01160106.0,11,12,1016538.651
A,USD,STD,BANK,C,SCGLY,2018-12-31,15784,SOCIETE GENERALE GROUP,83364L109,00906433.0,19,12,1499160.961
A,USD,STD,BANK,C,DBSDY,2018-12-31,15743,DBS GROUP HOLDINGS LTD,23304Y100,00882617.0,19,12,404268.935
A,USD,STD,BANK,C,UOVEY,2018-12-31,15679,UNITED OVERSEAS BANK LTD,911271302,00867530.0,19,12,284872.262
A,USD,STD,BANK,C,NWG,2018-12-31,15634,NATWEST GROUP PLC,639057207,00844150.0,11,12,884802.508
A,USD,STD,BANK,C,DB,2018-12-31,15576,DEUTSCHE BANK AG,D18190898,01159508.0,11,12,1543478.802
A,USD,STD,BANK,C,DNKEY,2018-12-31,15552,DANSKE BANK AS,236363206,00800177.0,19,12,548847.269
A,USD,STD,BANK,C,BNPQY,2018-12-31,15532,BNP PARIBAS,05565A202,00310732.0,19,12,2336548.218
A,USD,STD,BANK,C,HSBC,2018-12-31,15509,HSBC HLDGS PLC,404280406,01089113.0,11,12,2558124.0
A,USD,STD,BANK,C,BBVA,2018-12-31,15181,BANCO BILBAO VIZCAYA ARGENTA,05946K101,00842180.0,11,12,774739.605
A,USD,STD,BANK,C,WABC,2018-12-31,14253,WESTAMERICA BANCORPORATION,957090103,00311094.0,14,12,5568.526
A,USD,STD,BANK,C,FULT,2018-12-31,14172,FULTON FINANCIAL CORP,360271100,00700564.0,14,12,20682.152
A,USD,STD,BANK,C,SAN,2018-12-31,14140,BANCO SANTANDER SA,05964H105,00891478.0,11,12,1670715.851
A,USD,STD,BANK,C,BCS,2018-12-31,12673,BARCLAYS PLC,06738E204,00312069.0,11,12,1444369.184
A,USD,STD,BANK,C,RBB,2018-12-31,12035,RBB BANCORP,74930B105,01499422.0,14,12,2974.002
A,USD,STD,BANK,C,VLY,2018-12-31,11861,VALLEY NATIONAL BANCORP,919794107,00714310.0,14,12,31863.088
A,USD,STD,BANK,C,TFC,2018-12-31,11856,TRUIST FINANCIAL CORP,89832Q109,00092230.0,11,12,225697.0
A,USD,STD,BANK,C,ASB,2018-12-31,11842,ASSOCIATED BANC-CORP,045487105,00007789.0,11,12,33647.859
A,USD,STD,BANK,C,SRCE,2018-12-31,15199,1ST SOURCE CORP,336901103,00034782.0,14,12,6293.745
A,USD,STD,BANK,C,BUSE,2018-12-31,18329,FIRST BUSEY CORP,319383204,00314489.0,14,12,7702.357
A,USD,STD,BANK,C,FFIN,2018-12-31,29101,FIRST FINL BANKSHARES INC,32020R109,00036029.0,14,12,7731.854
A,USD,STD,BANK,C,QCRH,2018-12-31,28967,QCR HOLDINGS INC,74727A104,00906465.0,14,12,4949.71
A,USD,STD,BANK,C,GABC,2018-12-31,28278,GERMAN AMERICAN BANCORP INC,373865104,00714395.0,14,12,3929.09
A,USD,STD,BANK,C,TCBK,2018-12-31,28155,TRICO BANCSHARES,896095106,00356171.0,14,12,6352.441
A,USD,STD,BANK,C,BANF,2018-12-31,28022,BANCFIRST CORP/OK,05945F103,00760498.0,14,12,7574.258
A,USD,STD,BANK,C,FBK,2018-12-31,27871,FB FINANCIAL CORP,30257X104,01649749.0,11,12,5136.764
A,USD,STD,BANK,C,FHB,2018-12-31,27665,FIRST HAWAIIAN INC,32051X108,00036377.0,14,12,20695.678
A,USD,STD,BANK,C,BFST,2018-12-31,27235,BUSINESS FIRST BANCSHS INC,12326C105,01624322.0,14,12,2094.896
A,USD,STD,BANK,C,SUPV,2018-12-31,26792,GRUPO SUPERVIELLE,40054A108,01517399.0,11,12,3764.462
A,USD,STD,BANK,C,EQBK,2018-12-31,26347,EQUITY BANCSHARES INC,29460X109,01227500.0,11,12,4061.716
A,USD,STD,BANK,C,SMBK,2018-12-31,26179,SMARTFINANCIAL INC,83190L208,01038773.0,11,12,2274.409
A,USD,STD,BANK,C,FCBC,2018-12-31,26071,FIRST CMNTY BANCSHARES INC,31983A103,00859070.0,14,12,2244.374
A,USD,STD,BANK,C,BLX,2018-12-31,25751,BLADEX INC,P16994132,00890541.0,11,12,7609.185
A,USD,STD,BANK,C,SHG,2018-12-31,25714,SHINHAN FINANCIAL GROUP LTD,824596100,01263043.0,11,12,412840.754
A,USD,STD,BANK,C,RNST,2018-12-31,25173,RENASANT CORP,75970E107,00715072.0,11,12,12934.878
A,USD,STD,BANK,C,FLG,2018-12-31,29282,FLAGSTAR BANK NA,649445400,00910073.0,11,12,51899.376
A,USD,STD,BANK,C,BBAR,2018-12-31,29286,BANCO BBVA ARGENTINA SA,058934100,00913059.0,11,12,9602.586
A,USD,STD,BANK,C,BY,2018-12-31,31585,BYLINE BANCORP INC,124411109,01702750.0,11,12,4942.574
A,USD,STD,BANK,C,HAFC,2018-12-31,31368,HANMI FINANCIAL CORP,410495204,01109242.0,14,12,5502.219
A,USD,STD,BANK,C,FMCB,2018-12-31,31358,FARMERS & MERCHANTS BANCORP,307795104,01085913.0,19,12,3434.243
A,USD,STD,BANK,C,NWBI,2018-12-31,30932,NORTHWEST BANCSHARES INC,667340103,01471265.0,14,12,9607.773
A,USD,STD,BANK,C,ITUB,2018-12-31,30580,ITAU UNIBANCO HLDG SA,465562106,01132597.0,11,12,401102.512
A,USD,STD,BANK,C,KB,2018-12-31,30501,KB FINANCIAL GROUP,48241A105,01445930.0,11,12,430794.985
A,USD,STD,BANK,C,BBD,2018-12-31,30452,BRADESCO BANCO,059460303,01160330.0,11,12,332520.025
A,USD,STD,BANK,C,ABCB,2018-12-31,30222,AMERIS BANCORP,03076K108,00351569.0,11,12,11443.515
A,USD,STD,BANK,C,BSAC,2018-12-31,30218,BANCO SANTANDER-CHILE,05965X109,01027552.0,11,12,56392.689
A,USD,STD,BANK,C,FMNB,2018-12-31,29855,FARMERS NATL BANC CORP/OH,309627107,00709337.0,14,12,2328.864
A,USD,STD,BANK,C,BOKF,2018-12-31,24447,BOK FINANCIAL CORP,05561Q201,00875357.0,14,12,38020.504
A,USD,STD,BANK,C,SWDBY,2018-12-31,24578,SWEDBANK AB,870195104,01699973.0,19,12,252738.65
A,USD,STD,BANK,C,UVSP,2018-12-31,19817,UNIVEST FINANCIAL CORP,915271100,00102212.0,14,12,4984.347
A,USD,STD,BANK,C,AUB,2018-12-31,19713,ATLANTIC UNION BANKSHRS CRP,04911A107,00883948.0,11,12,13765.599
A,USD,STD,BANK,C,STBA,2018-12-31,19570,S & T BANCORP INC,783859101,00719220.0,14,12,7252.221
A,USD,STD,BANK,C,GSBC,2018-12-31,19428,GREAT SOUTHERN BANCORP,390905107,00854560.0,14,12,4676.2
A,USD,STD,BANK,C,SFNC,2018-12-31,19355,SIMMONS FIRST NATL CP  -CL A,828730200,00090498.0,14,12,16543.337
A,USD,STD,BANK,C,PRK,2018-12-31,19318,PARK NATIONAL CORP,700658107,00805676.0,12,12,7804.308
A,USD,STD,BANK,C,CTBI,2018-12-31,19262,COMMUNITY TRUST BANCORP INC,204149108,00350852.0,14,12,4201.616
A,USD,STD,BANK,C,OSBC,2018-12-31,19150,OLD SECOND BANCORP INC/IL,680277100,00357173.0,14,12,2676.003
A,USD,STD,BANK,C,NBTB,2018-12-31,19094,N B T BANCORP INC,628778102,00790359.0,14,12,9556.363
A,USD,STD,BANK,C,MCHB,2018-12-31,18948,MECHANICS BANCORP,43785V102,01518715.0,14,12,6032.15
A,USD,STD,BANK,C,LKFN,2018-12-31,18732,LAKELAND FINANCIAL CORP,511656100,00721994.0,14,12,4875.254
A,USD,STD,BANK,C,HBNC,2018-12-31,18533,HORIZON BANCORP INC,440407104,00706129.0,14,12,4246.688
A,USD,STD,BANK,C,ALRS,2018-12-31,18434,ALERUS FINANCIAL CORP,01446U103,00903419.0,14,12,2179.07
A,USD,STD,BANK,C,HWC,2018-12-31,24232,HANCOCK WHITNEY CORP,410120109,00750577.0,14,12,28235.907
A,USD,STD,BANK,C,CVBF,2018-12-31,20019,CVB FINANCIAL CORP,126600105,00354647.0,14,12,11529.153
A,USD,STD,BANK,C,WASH,2018-12-31,19873,WASHINGTON TR BANCORP INC,940610108,00737468.0,14,12,5010.766
A,USD,STD,BANK,C,OPB,2018-12-31,20277,OPUS BANK,684000102,01697463.0,14,12,7180.903
A,USD,STD,BANK,C,CATY,2018-12-31,23500,CATHAY GENERAL BANCORP,149150104,00861842.0,14,12,16784.737
A,USD,STD,BANK,C,SYBT,2018-12-31,22717,STOCK YARDS BANCORP INC,861025104,00835324.0,14,12,3302.924
A,USD,STD,BANK,C,IBOC,2018-12-31,22086,INTL BANCSHARES CORP,459044103,00315709.0,14,12,11871.952
A,USD,STD,BANK,C,CCBG,2018-12-31,20109,CAPITAL CITY BK GROUP INC,139674105,00726601.0,14,12,2959.183
A,USD,STD,BANK,C,TFIN,2018-12-31,21815,TRIUMPH FINANCIAL INC,89679E300,01539638.0,11,12,4559.779
A,USD,STD,BANK,C,CFG,2018-12-31,21825,CITIZENS FINANCIAL GROUP INC,174610105,00759944.0,11,12,160518.0
A,USD,STD,BANK,C,CIVB,2018-12-31,21593,CIVISTA BANCSHARES INC,178867107,00944745.0,14,12,2138.954
A,USD,STD,BANK,C,STD1,2018-12-31,21382,SANTANDER UK PLC,05964H006,01087711.0,0,12,361157.614
A,USD,STD,BANK,C,LOB,2018-12-31,20299,LIVE OAK BANCSHARES INC,53803X105,01462120.0,11,12,3670.449
A,USD,STD,BANK,C,NU,2019-12-31,39997,NU HOLDINGS LTD,G6683N103,01691493.0,11,12,6760.034
